time,sym,Side,Amount,ClientPrice
2016-04-10T22:05:31.630274,EURUSD,-1,5000,1.14025
2016-04-10T22:14:47.059968,EURUSD,-1,500000,1.14123
2016-04-10T22:16:11.629639,EURUSD,1,500000,1.14106
2016-04-10T22:17:25.939869,EURUSD,1,500000,1.14058
2016-04-10T22:19:41.080347,EURUSD,-1,500000,1.14075
2016-04-10T23:53:58.740353,EURUSD,-1,1000,1.14034
2016-04-10T23:54:11.669798,EURUSD,-1,1000,1.14034
2016-04-11T02:46:59.250266,EURUSD,1,1000,1.14239
2016-04-11T03:35:39.900806,EURUSD,-1,2000,1.1411
2016-04-11T04:30:21.200911,EURUSD,1,1000,1.14099
2016-04-11T04:30:21.520489,EURUSD,-1,1000,1.14094
2016-04-11T05:14:32.721098,EURUSD,1,10000,1.14165
2016-04-11T05:14:35.260682,EURUSD,1,5000,1.14165
2016-04-11T05:39:04.331317,GBPUSD,-1,2000,1.41413
2016-04-11T05:51:24.091930,EURUSD,-1,50000,1.14123
2016-04-11T06:15:48.961158,EURUSD,-1,1000,1.14109
2016-04-11T07:01:08.170545,GBPUSD,-1,2000,1.41219
2016-04-11T07:08:54.620584,EURUSD,1,1000,1.14099
2016-04-11T07:09:09.350150,EURUSD,-1,1000,1.14074
2016-04-11T07:09:40.300188,EURUSD,-1,1000,1.14059
2016-04-11T07:11:01.930205,EURUSD,1,1000,1.14084
2016-04-11T07:17:20.001859,GBPUSD,1,2000,1.41291
2016-04-11T07:19:42.660005,GBPUSD,-1,2000,1.41241
2016-04-11T07:21:45.549910,GBPUSD,1,2000,1.41227
2016-04-11T07:33:50.749610,GBPUSD,1,5000,1.41268
2016-04-11T07:35:12.610057,EURUSD,1,5000,1.14228
2016-04-11T08:01:02.279705,EURUSD,-1,1000,1.14085
2016-04-11T08:02:11.729946,EURUSD,1,1000,1.14107
2016-04-11T08:09:25.909752,EURUSD,1,1000,1.14072
2016-04-11T08:16:29.149792,EURUSD,1,1000,1.14059
2016-04-11T08:19:55.129887,EURUSD,-1,1000,1.14095
2016-04-11T08:20:04.174337,EURUSD,-1,1000,1.141
2016-04-11T08:23:33.690602,EURUSD,-1,1000,1.14075
2016-04-11T08:23:42.659921,EURUSD,1,1000,1.14082
2016-04-11T08:28:56.780810,EURUSD,1,5000,1.14068
2016-04-11T08:29:22.770263,EURUSD,1,5000,1.14065
2016-04-11T08:30:04.810099,EURUSD,1,1000,1.14078
2016-04-11T08:30:47.890384,EURUSD,1,5000,1.14047
2016-04-11T08:31:18.890999,EURUSD,1,5000,1.14046
2016-04-11T08:32:55.640796,EURUSD,-1,1000,1.14016
2016-04-11T08:38:37.340938,EURUSD,1,5000,1.14024
2016-04-11T08:42:22.510266,EURUSD,-1,20000,1.13983
2016-04-11T08:42:25.110593,EURUSD,-1,10000,1.13981
2016-04-11T08:48:51.330357,EURUSD,1,1000,1.1386
2016-04-11T08:49:03.750264,EURUSD,1,2000,1.13848
2016-04-11T08:56:45.130724,EURGBP,-1,23000,0.80598
2016-04-11T08:58:18.280179,EURUSD,1,2000,1.13739
2016-04-11T08:58:47.760121,EURGBP,1,23000,0.80531
2016-04-11T09:00:00.380567,EURGBP,1,2000,0.80452
2016-04-11T09:00:11.140149,EURUSD,1,20000,1.13795
2016-04-11T09:00:14.002019,EURUSD,1,20000,1.13792
2016-04-11T09:00:59.580217,EURGBP,1,1000,0.80358
2016-04-11T09:00:59.910174,EURGBP,-1,1000,0.80352
2016-04-11T09:01:58.319755,GBPUSD,-1,5000,1.41699
2016-04-11T09:02:50.210423,GBPUSD,1,12000,1.41858
2016-04-11T09:02:50.480120,GBPUSD,1,25000,1.41858
2016-04-11T09:03:12.580433,EURUSD,1,50000,1.1382
2016-04-11T09:04:14.790926,EURUSD,1,10000,1.13862
2016-04-11T09:05:49.752163,GBPUSD,-1,10000,1.41817
2016-04-11T09:13:59.670276,EURGBP,1,4000,0.80208
2016-04-11T09:13:59.689474,GBPUSD,-1,4000,1.41967
2016-04-11T09:15:32.920118,GBPUSD,-1,10000,1.42233
2016-04-11T09:15:59.680480,EURGBP,1,1000,0.80081
2016-04-11T09:15:59.970477,EURGBP,-1,1000,0.80066
2016-04-11T09:16:05.615096,GBPUSD,-1,11000,1.4223
2016-04-11T09:17:33.580188,GBPUSD,1,11000,1.42188
2016-04-11T09:23:09.280015,EURUSD,-1,10000,1.13885
2016-04-11T09:23:55.290067,GBPUSD,-1,14000,1.42125
2016-04-11T09:24:01.989912,GBPUSD,-1,1000,1.42133
2016-04-11T09:24:18.060632,GBPUSD,-1,1000,1.42129
2016-04-11T09:24:26.719883,GBPUSD,-1,2000,1.42154
2016-04-11T09:24:33.610511,GBPUSD,-1,3000,1.42165
2016-04-11T09:25:18.850456,GBPUSD,1,8000,1.42137
2016-04-11T09:26:21.499509,GBPUSD,1,10000,1.4211
2016-04-11T09:26:40.739996,EURUSD,1,10000,1.13958
2016-04-11T09:30:48.940104,EURUSD,-1,10000,1.13906
2016-04-11T09:31:43.300760,GBPUSD,1,10000,1.42161
2016-04-11T09:32:04.430663,GBPUSD,1,2000,1.42195
2016-04-11T09:32:59.949768,GBPUSD,-1,2000,1.42128
2016-04-11T09:34:04.440241,GBPUSD,1,2000,1.42181
2016-04-11T09:35:48.099838,GBPUSD,-1,2000,1.42176
2016-04-11T09:43:57.339949,EURUSD,-1,23000,1.13836
2016-04-11T09:44:40.220466,EURUSD,-1,11000,1.13846
2016-04-11T09:46:27.379934,GBPUSD,1,35000,1.42022
2016-04-11T09:47:30.369817,GBPUSD,-1,35000,1.42037
2016-04-11T09:49:09.809977,EURUSD,-1,2000,1.13825
2016-04-11T09:49:57.580565,EURUSD,-1,10000,1.13843
2016-04-11T09:50:24.145110,EURUSD,1,10000,1.1385
2016-04-11T09:53:11.740589,EURUSD,-1,11000,1.13898
2016-04-11T09:59:59.710267,GBPUSD,1,1000,1.41971
2016-04-11T09:59:59.779610,EURGBP,1,1000,0.80253
2016-04-11T10:00:00.050004,GBPUSD,-1,1000,1.41964
2016-04-11T10:00:00.110372,EURGBP,-1,1000,0.80249
2016-04-11T10:13:01.889714,GBPUSD,1,8000,1.41813
2016-04-11T10:17:33.479950,EURUSD,1,1000,1.13819
2016-04-11T10:22:46.950401,EURUSD,-1,20000,1.13856
2016-04-11T10:23:19.119436,EURUSD,1,20000,1.13868
2016-04-11T10:24:05.389969,EURUSD,-1,20000,1.13872
2016-04-11T10:24:08.929528,EURUSD,-1,20000,1.13871
2016-04-11T10:28:28.209631,EURUSD,1,20000,1.1384
2016-04-11T10:28:32.270162,EURUSD,1,20000,1.13842
2016-04-11T10:36:11.779725,GBPUSD,1,35000,1.42026
2016-04-11T10:48:04.659434,EURUSD,1,3000,1.13808
2016-04-11T10:51:22.759465,EURUSD,-1,41000,1.13817
2016-04-11T10:53:28.780473,EURUSD,1,23000,1.13803
2016-04-11T10:53:32.660007,EURUSD,1,11000,1.13802
2016-04-11T10:53:36.089991,EURUSD,1,11000,1.13803
2016-04-11T10:58:38.850296,EURUSD,1,22000,1.13829
2016-04-11T11:02:21.140245,GBPUSD,-1,35000,1.42035
2016-04-11T11:05:39.977050,EURUSD,-1,30000,1.13832
2016-04-11T11:06:44.299705,EURUSD,1,35000,1.13824
2016-04-11T11:08:04.710161,EURUSD,-1,15000,1.13855
2016-04-11T11:08:09.250477,EURUSD,-1,22000,1.13868
2016-04-11T11:10:07.669652,EURUSD,-1,35000,1.13854
2016-04-11T11:11:21.210196,GBPUSD,-1,8000,1.42237
2016-04-11T11:16:47.150152,EURUSD,1,45000,1.13899
2016-04-11T11:16:59.460802,EURUSD,-1,45000,1.13906
2016-04-11T11:59:59.360218,GBPUSD,-1,1000,1.42343
2016-04-11T11:59:59.640592,GBPUSD,1,1000,1.42349
2016-04-11T11:59:59.912733,GBPUSD,-1,2000,1.42343
2016-04-11T12:06:08.519959,EURUSD,1,12000,1.13895
2016-04-11T12:17:02.520903,EURUSD,1,35000,1.14024
2016-04-11T12:17:53.689876,EURUSD,-1,35000,1.14038
2016-04-11T12:22:41.289843,GBPUSD,-1,8000,1.4231
2016-04-11T12:22:45.890181,GBPUSD,-1,1000,1.42306
2016-04-11T12:22:53.089843,GBPUSD,-1,1000,1.42318
2016-04-11T12:23:00.829911,GBPUSD,1,2000,1.42323
2016-04-11T12:23:03.100339,GBPUSD,-1,2000,1.42313
2016-04-11T12:23:29.230633,GBPUSD,-1,2000,1.42316
2016-04-11T12:24:02.070626,GBPUSD,1,4000,1.42321
2016-04-11T12:27:04.040484,EURUSD,-1,3000,1.14029
2016-04-11T12:53:21.789347,EURUSD,-1,20000,1.13925
2016-04-11T12:53:23.619877,EURUSD,-1,20000,1.13925
2016-04-11T12:58:57.810073,EURUSD,-1,2000,1.13912
2016-04-11T13:00:53.559301,EURUSD,1,45000,1.13917
2016-04-11T13:02:38.190035,EURUSD,1,2000,1.13896
2016-04-11T13:11:41.779807,EURUSD,1,20000,1.13913
2016-04-11T13:11:45.059564,EURUSD,1,20000,1.13911
2016-04-11T13:15:23.659676,EURUSD,-1,45000,1.13929
2016-04-11T13:21:59.079202,EURUSD,-1,50000,1.14063
2016-04-11T13:21:59.403067,EURUSD,-1,12000,1.14065
2016-04-11T13:22:18.009718,EURUSD,1,45000,1.14079
2016-04-11T13:30:17.529197,EURUSD,-1,45000,1.14082
2016-04-11T13:31:08.868867,EURUSD,1,1000,1.14096
2016-04-11T13:31:47.229417,EURUSD,1,10000,1.14114
2016-04-11T13:32:08.129420,EURUSD,-1,5000,1.14108
2016-04-11T13:32:37.869253,EURUSD,-1,5000,1.14107
2016-04-11T13:34:25.449090,EURUSD,-1,20000,1.14122
2016-04-11T13:35:11.978736,EURUSD,1,6000,1.14138
2016-04-11T13:36:28.079033,EURUSD,-1,5000,1.14118
2016-04-11T13:36:35.409012,EURUSD,-1,5000,1.14111
2016-04-11T13:36:45.808769,EURUSD,-1,1000,1.14109
2016-04-11T13:37:15.149616,EURUSD,-1,5000,1.14112
2016-04-11T13:42:35.068802,EURUSD,-1,2000,1.14156
2016-04-11T13:42:43.218579,EURUSD,-1,10000,1.14155
2016-04-11T13:44:40.160818,EURUSD,-1,2000,1.14159
2016-04-11T13:46:23.389058,EURUSD,1,10000,1.1417
2016-04-11T13:47:19.779536,GBPUSD,1,60000,1.4247
2016-04-11T13:49:43.548397,EURUSD,-1,10000,1.14137
2016-04-11T13:51:11.578582,EURUSD,1,2000,1.1414
2016-04-11T14:03:41.038826,GBPUSD,1,60000,1.42321
2016-04-11T14:04:45.538456,EURUSD,1,41000,1.14107
2016-04-11T14:07:19.938696,GBPUSD,-1,60000,1.42375
2016-04-11T14:26:36.918768,EURUSD,1,45000,1.14004
2016-04-11T14:28:06.838393,EURUSD,-1,45000,1.14008
2016-04-11T14:31:02.408130,EURUSD,1,45000,1.14072
2016-04-11T14:31:10.518314,EURUSD,1,10000,1.14073
2016-04-11T14:31:55.888609,EURUSD,-1,15000,1.1407
2016-04-11T14:33:48.408464,EURUSD,-1,45000,1.14046
2016-04-11T14:42:02.178222,GBPUSD,-1,1000,1.42448
2016-04-11T14:43:47.228486,GBPUSD,-1,60000,1.42492
2016-04-11T14:44:22.148174,EURUSD,-1,5000,1.14137
2016-04-11T14:48:20.548761,EURUSD,1,5000,1.14242
2016-04-11T14:48:25.358754,EURUSD,1,30000,1.14345
2016-04-11T14:48:43.658082,EURUSD,-1,5000,1.14288
2016-04-11T14:48:58.938729,EURUSD,-1,10000,1.14254
2016-04-11T14:50:03.087878,EURUSD,-1,12000,1.14208
2016-04-11T14:50:34.648748,EURUSD,-1,5000,1.14268
2016-04-11T14:53:27.308435,GBPUSD,1,60000,1.42734
2016-04-11T14:54:24.207968,EURUSD,-1,5000,1.14366
2016-04-11T14:57:30.000099,EURUSD,-1,6000,1.14416
2016-04-11T14:57:38.438712,EURUSD,1,2000,1.14409
2016-04-11T14:59:00.129303,GBPUSD,-1,4000,1.42735
2016-04-11T14:59:00.478049,GBPUSD,-1,2000,1.42735
2016-04-11T14:59:00.817888,GBPUSD,-1,1000,1.42736
2016-04-11T14:59:01.158044,GBPUSD,1,1000,1.4275
2016-04-11T14:59:02.478298,GBPUSD,-1,60000,1.42741
2016-04-11T15:00:00.187955,GBPUSD,-1,1000,1.42773
2016-04-11T15:00:00.509059,GBPUSD,1,1000,1.42781
2016-04-11T15:00:00.808399,GBPUSD,-1,4000,1.42782
2016-04-11T15:00:27.708019,EURUSD,1,10000,1.1446
2016-04-11T15:02:38.738179,EURUSD,-1,10000,1.14411
2016-04-11T15:08:29.708506,EURUSD,-1,10000,1.14379
2016-04-11T15:18:15.418615,EURUSD,-1,5000,1.14371
2016-04-11T15:22:20.418718,EURUSD,1,10000,1.14359
2016-04-11T15:24:04.643993,EURUSD,-1,2000,1.14347
2016-04-11T15:26:35.987838,EURUSD,-1,10000,1.14323
2016-04-11T15:33:59.827657,EURUSD,1,10000,1.14365
2016-04-11T16:11:12.747928,EURUSD,-1,5000,1.14266
2016-04-11T16:33:43.318288,EURUSD,-1,7000,1.1423
2016-04-11T16:41:50.499085,EURUSD,1,5000,1.14211
2016-04-11T16:41:51.948075,EURUSD,1,5000,1.14215
2016-04-11T16:41:55.158823,EURUSD,1,5000,1.14204
2016-04-11T16:45:40.058670,EURUSD,1,12000,1.1422
2016-04-11T16:57:51.988951,EURUSD,1,5000,1.14074
2016-04-11T16:58:27.568904,EURUSD,1,7000,1.14082
2016-04-11T17:00:00.079202,GBPUSD,1,2000,1.42392
2016-04-11T17:00:00.400825,GBPUSD,1,4000,1.42389
2016-04-11T17:00:00.719833,GBPUSD,1,2000,1.42393
2016-04-11T17:00:01.018845,GBPUSD,1,1000,1.42393
2016-04-11T17:05:42.168368,EURUSD,1,3000,1.14077
2016-04-11T17:38:56.289105,EURUSD,-1,3000,1.14173
2016-04-11T17:41:44.179060,GBPUSD,1,1000,1.42399
2016-04-11T18:34:01.559215,EURUSD,1,3000,1.14075
2016-04-11T18:34:51.349032,EURUSD,1,3000,1.14046
2016-04-11T18:34:52.519385,EURUSD,1,3000,1.14047
2016-04-11T18:35:00.039121,EURUSD,1,3000,1.14046
2016-04-11T18:37:01.469449,EURUSD,1,2000,1.13981
2016-04-11T18:57:14.059722,EURUSD,-1,2000,1.14048
2016-04-11T19:07:57.939750,EURUSD,-1,3000,1.14086
2016-04-11T19:08:06.129582,EURUSD,-1,3000,1.14086
2016-04-11T19:08:12.001401,EURUSD,-1,3000,1.14086
2016-04-11T19:08:17.659403,EURUSD,-1,3000,1.14086
2016-04-11T19:13:36.130419,EURUSD,1,60000,1.141
2016-04-11T19:16:22.829827,EURUSD,1,60000,1.14091
2016-04-11T19:19:37.320393,EURUSD,1,30000,1.14077
2016-04-11T19:21:45.160691,EURUSD,1,60000,1.14065
2016-04-11T19:30:26.830097,EURUSD,-1,60000,1.141
2016-04-11T19:50:08.860562,EURUSD,-1,60000,1.14106
2016-04-11T19:53:39.360041,EURUSD,-1,60000,1.14133
2016-04-11T19:53:43.419871,EURUSD,1,4000,1.14136
2016-04-11T21:50:33.330544,EURUSD,1,5000,1.14082
2016-04-11T21:58:53.890806,GBPUSD,1,5000,1.42404
2016-04-11T22:02:20.486502,EURUSD,1,4000,1.14112
2016-04-11T22:02:20.667270,EURUSD,1,10000,1.14116
2016-04-11T22:02:20.846572,EURUSD,1,7000,1.14116
2016-04-11T22:02:21.026091,EURUSD,-1,5000,1.14073
2016-04-11T22:02:21.256243,EURUSD,1,1000,1.14116
2016-04-11T22:02:21.766875,EURUSD,-1,5000,1.14087
2016-04-11T22:02:21.866272,EURUSD,1,5000,1.1412
2016-04-11T22:02:22.056239,EURUSD,1,1000,1.1412
2016-04-11T22:02:22.266979,EURUSD,1,5000,1.1412
2016-04-11T22:02:22.596367,EURUSD,-1,1000,1.14088
2016-04-11T22:02:22.876925,EURUSD,1,1000,1.1412
2016-04-11T22:02:23.566789,EURUSD,-1,2000,1.14088
2016-04-11T22:02:25.076779,EURUSD,-1,10000,1.14079
2016-04-11T22:02:25.256463,EURUSD,-1,10000,1.14079
2016-04-12T06:40:11.377707,EURUSD,-1,30000,1.14114
2016-04-12T06:59:06.723335,EURUSD,1,4000,1.14135
2016-04-12T07:01:14.063483,EURUSD,-1,1000,1.14086
2016-04-12T07:04:40.793535,GBPUSD,-1,2000,1.42358
2016-04-12T07:06:18.703265,GBPUSD,1,2000,1.42327
2016-04-12T07:08:01.753103,EURUSD,1,1000,1.14109
2016-04-12T07:13:20.614047,EURUSD,1,1000,1.14139
2016-04-12T07:15:41.623606,EURUSD,-1,1000,1.14147
2016-04-12T08:00:00.193318,GBPUSD,1,11000,1.426
2016-04-12T08:01:54.253428,EURUSD,1,1000,1.14238
2016-04-12T08:27:53.853275,GBPUSD,-1,11000,1.42606
2016-04-12T08:27:54.293762,GBPUSD,-1,11000,1.42605
2016-04-12T09:01:09.313163,EURUSD,-1,2000,1.1433
2016-04-12T09:01:18.003724,EURUSD,-1,2000,1.14331
2016-04-12T09:01:25.933345,EURUSD,-1,2000,1.14326
2016-04-12T09:01:35.722860,EURUSD,-1,1000,1.14336
2016-04-12T09:03:53.494217,EURUSD,-1,1000,1.14576
2016-04-12T09:21:31.023106,GBPUSD,1,11000,1.42805
2016-04-12T09:21:31.342987,GBPUSD,1,11000,1.42824
2016-04-12T09:24:00.733909,EURUSD,-1,2000,1.1458
2016-04-12T09:26:02.893498,EURUSD,-1,4000,1.14566
2016-04-12T09:26:05.282935,EURUSD,-1,4000,1.14566
2016-04-12T09:29:43.923914,EURUSD,-1,11000,1.14533
2016-04-12T09:30:23.863120,EURUSD,-1,11000,1.14537
2016-04-12T09:31:11.683235,GBPUSD,-1,5000,1.4302
2016-04-12T09:31:11.713371,GBPUSD,1,2000,1.43032
2016-04-12T09:32:18.184345,GBPUSD,-1,2000,1.4304
2016-04-12T09:32:59.633750,GBPUSD,-1,8000,1.43095
2016-04-12T09:33:16.853276,EURUSD,-1,11000,1.14558
2016-04-12T09:47:14.573165,EURUSD,1,11000,1.14466
2016-04-12T09:47:18.163799,EURUSD,1,11000,1.1446
2016-04-12T09:47:22.004179,EURUSD,1,11000,1.14461
2016-04-12T09:58:03.964052,EURGBP,1,8000,0.79961
2016-04-12T09:59:59.523627,GBPUSD,1,11000,1.42938
2016-04-12T10:00:00.595892,GBPUSD,-1,1000,1.42925
2016-04-12T10:00:01.004597,GBPUSD,-1,2000,1.4293
2016-04-12T10:00:01.403239,GBPUSD,-1,1000,1.42933
2016-04-12T10:00:01.743487,GBPUSD,1,1000,1.4294
2016-04-12T10:00:38.433950,EURUSD,1,2000,1.14321
2016-04-12T10:00:47.753525,EURUSD,1,2000,1.14315
2016-04-12T10:01:06.323700,EURUSD,1,1000,1.1432
2016-04-12T10:01:13.303484,EURUSD,1,2000,1.14323
2016-04-12T10:02:10.053536,EURUSD,1,3000,1.14333
2016-04-12T10:03:44.173444,GBPUSD,-1,11000,1.42831
2016-04-12T10:03:44.504030,GBPUSD,-1,11000,1.4283
2016-04-12T10:08:41.953513,EURUSD,1,6000,1.14212
2016-04-12T10:08:49.673430,EURUSD,1,6000,1.14214
2016-04-12T10:13:39.963414,GBPUSD,1,11000,1.43028
2016-04-12T10:13:40.264881,GBPUSD,1,11000,1.43028
2016-04-12T10:16:56.384086,EURUSD,1,2000,1.14244
2016-04-12T10:16:59.053888,EURUSD,1,2000,1.14247
2016-04-12T10:21:14.424317,EURUSD,1,5000,1.14251
2016-04-12T10:23:01.544254,EURUSD,-1,11000,1.14276
2016-04-12T10:23:51.103393,EURUSD,-1,11000,1.14285
2016-04-12T10:28:27.343381,EURUSD,-1,6000,1.143
2016-04-12T10:28:33.623966,EURUSD,-1,6000,1.143
2016-04-12T10:37:05.574105,EURUSD,1,8000,1.14211
2016-04-12T10:37:20.793874,EURUSD,1,5000,1.14217
2016-04-12T10:38:39.553601,EURUSD,1,11000,1.1422
2016-04-12T10:38:43.483935,EURUSD,1,11000,1.14231
2016-04-12T10:38:56.144156,EURUSD,1,2000,1.1422
2016-04-12T10:53:59.854186,EURGBP,1,1000,0.79816
2016-04-12T10:54:00.194147,EURGBP,-1,1000,0.7981
2016-04-12T11:12:59.494577,EURGBP,1,16000,0.79723
2016-04-12T11:16:00.654065,GBPUSD,-1,1000,1.43359
2016-04-12T11:16:01.144637,GBPUSD,1,1000,1.43368
2016-04-12T11:16:28.463887,EURUSD,1,1000,1.14232
2016-04-12T11:19:33.994471,EURUSD,-1,4000,1.14207
2016-04-12T11:58:25.204409,EURUSD,-1,2000,1.14153
2016-04-12T12:00:03.614202,EURGBP,1,2000,0.79699
2016-04-12T12:00:03.924368,EURGBP,1,1000,0.79699
2016-04-12T12:00:04.254176,EURGBP,-1,1000,0.79694
2016-04-12T12:19:33.234427,GBPUSD,-1,11000,1.43034
2016-04-12T12:19:33.544400,GBPUSD,-1,11000,1.43027
2016-04-12T12:20:21.014911,EURUSD,-1,12000,1.14024
2016-04-12T12:43:33.163980,EURUSD,1,1000,1.14114
2016-04-12T12:48:26.445043,GBPUSD,1,11000,1.4322
2016-04-12T12:48:26.684551,GBPUSD,1,11000,1.43232
2016-04-12T12:48:49.014380,EURUSD,-1,12000,1.14109
2016-04-12T12:49:32.764308,EURUSD,1,8000,1.14096
2016-04-12T12:49:43.054279,EURUSD,1,1000,1.14094
2016-04-12T12:50:31.524705,EURUSD,-1,8000,1.14089
2016-04-12T12:52:50.954690,EURUSD,1,8000,1.14113
2016-04-12T12:53:17.874179,EURUSD,-1,8000,1.14115
2016-04-12T12:54:10.424047,EURUSD,-1,8000,1.14116
2016-04-12T13:01:41.093819,EURUSD,-1,4000,1.14103
2016-04-12T13:01:44.574546,GBPUSD,-1,11000,1.43037
2016-04-12T13:01:47.674218,GBPUSD,-1,11000,1.43031
2016-04-12T13:08:09.514036,EURUSD,1,5000,1.14035
2016-04-12T13:10:08.214556,GBPUSD,1,2000,1.42784
2016-04-12T13:10:19.554343,EURUSD,1,1000,1.13995
2016-04-12T13:10:31.964399,EURUSD,-1,12000,1.13946
2016-04-12T13:13:11.894539,EURUSD,1,30000,1.13973
2016-04-12T13:14:01.694413,EURUSD,1,15000,1.13965
2016-04-12T13:20:10.684417,EURUSD,1,12000,1.13959
2016-04-12T13:20:28.024185,EURUSD,1,12000,1.13963
2016-04-12T13:21:31.493685,EURUSD,-1,12000,1.13926
2016-04-12T13:25:23.534181,EURUSD,1,12000,1.13936
2016-04-12T13:25:25.864587,EURUSD,1,12000,1.13929
2016-04-12T13:31:02.274250,EURUSD,1,1000,1.14003
2016-04-12T13:39:39.213968,EURUSD,-1,1000,1.14007
2016-04-12T13:54:02.204435,GBPUSD,-1,11000,1.42569
2016-04-12T13:54:38.583867,EURUSD,1,1000,1.13806
2016-04-12T14:00:00.595945,GBPUSD,-1,11000,1.42625
2016-04-12T14:00:01.005508,GBPUSD,-1,11000,1.42628
2016-04-12T14:01:29.434885,EURUSD,1,1000,1.13845
2016-04-12T14:11:52.904862,EURUSD,1,1000,1.13888
2016-04-12T14:31:02.585029,GBPUSD,1,11000,1.42793
2016-04-12T14:31:02.585533,GBPUSD,1,11000,1.42793
2016-04-12T14:31:02.945003,GBPUSD,1,11000,1.42795
2016-04-12T14:40:32.744912,GBPUSD,-1,11000,1.426
2016-04-12T14:40:33.564938,GBPUSD,-1,11000,1.42598
2016-04-12T14:43:34.884099,EURUSD,1,15000,1.13848
2016-04-12T14:47:26.504345,EURUSD,1,1000,1.13788
2016-04-12T14:56:07.194246,GBPUSD,1,8000,1.42353
2016-04-12T14:56:07.584339,GBPUSD,1,4000,1.42349
2016-04-12T14:56:07.944243,GBPUSD,1,2000,1.42349
2016-04-12T14:56:08.334559,GBPUSD,1,1000,1.4234
2016-04-12T14:56:08.775042,GBPUSD,-1,1000,1.42336
2016-04-12T14:57:13.024113,EURUSD,1,1000,1.1367
2016-04-12T15:00:00.084175,GBPUSD,-1,11000,1.42317
2016-04-12T15:00:00.794690,GBPUSD,1,2000,1.42326
2016-04-12T15:00:01.164627,GBPUSD,1,1000,1.42327
2016-04-12T15:02:22.215213,EURUSD,1,1000,1.13643
2016-04-12T15:02:38.874435,EURUSD,1,1000,1.13609
2016-04-12T15:05:01.174205,GBPUSD,1,4000,1.42195
2016-04-12T15:05:06.204151,GBPUSD,-1,11000,1.42131
2016-04-12T15:05:09.614110,EURUSD,-1,10000,1.13547
2016-04-12T15:05:11.664573,EURUSD,-1,5000,1.13533
2016-04-12T15:07:15.514868,EURUSD,1,1000,1.13507
2016-04-12T15:08:00.624748,EURGBP,-1,16000,0.79942
2016-04-12T15:08:00.954260,EURGBP,-1,8000,0.79941
2016-04-12T15:08:01.584791,EURGBP,-1,4000,0.79942
2016-04-12T15:08:02.074117,EURGBP,-1,2000,0.79942
2016-04-12T15:08:02.545020,EURGBP,-1,1000,0.79941
2016-04-12T15:08:02.974556,EURGBP,1,1000,0.79946
2016-04-12T15:09:17.984199,EURUSD,1,30000,1.13567
2016-04-12T15:11:48.274867,EURUSD,-1,30000,1.13594
2016-04-12T15:12:10.614410,GBPUSD,1,30000,1.42091
2016-04-12T15:24:39.754820,EURUSD,1,10000,1.13684
2016-04-12T15:24:41.494866,EURUSD,1,10000,1.13678
2016-04-12T15:26:48.243984,EURUSD,-1,1000,1.13655
2016-04-12T15:27:14.184285,EURUSD,-1,1000,1.13663
2016-04-12T15:28:40.984269,GBPUSD,1,11000,1.42115
2016-04-12T15:30:51.144216,GBPUSD,-1,11000,1.42177
2016-04-12T15:32:21.544880,GBPUSD,-1,30000,1.42217
2016-04-12T15:50:57.505006,EURUSD,-1,20000,1.13595
2016-04-12T15:51:01.005485,EURUSD,-1,10000,1.13597
2016-04-12T15:51:01.314906,EURUSD,1,20000,1.13599
2016-04-12T15:51:17.005613,EURUSD,-1,3000,1.13554
2016-04-12T15:54:03.480874,EURUSD,-1,900000,1.13651
2016-04-12T15:54:03.481564,EURUSD,-1,100000,1.13651
2016-04-12T15:54:57.114554,EURUSD,1,5000,1.13689
2016-04-12T15:55:00.534957,EURUSD,1,3000,1.13688
2016-04-12T16:00:04.235051,EURGBP,-1,2000,0.80049
2016-04-12T16:07:37.965183,GBPUSD,1,35000,1.42056
2016-04-12T16:08:17.125511,GBPUSD,-1,35000,1.42101
2016-04-12T16:14:42.945074,GBPUSD,1,11000,1.42365
2016-04-12T16:14:42.955046,GBPUSD,1,11000,1.42365
2016-04-12T16:14:42.979712,EURUSD,1,100000,1.13885
2016-04-12T16:14:42.980168,EURUSD,1,400000,1.13887
2016-04-12T16:14:43.255279,GBPUSD,1,11000,1.42359
2016-04-12T16:14:48.715309,EURUSD,1,500000,1.13852
2016-04-12T16:16:40.505432,EURUSD,-1,4000,1.13856
2016-04-12T16:30:23.461653,EURUSD,-1,45000,1.13873
2016-04-12T16:37:32.285816,EURUSD,-1,1000,1.1391
2016-04-12T16:40:35.725459,EURUSD,1,200000,1.13992
2016-04-12T16:44:04.405524,EURUSD,1,50000,1.13972
2016-04-12T16:45:05.775640,EURUSD,1,50000,1.13964
2016-04-12T16:59:59.885669,GBPUSD,1,11000,1.42436
2016-04-12T17:00:00.245572,GBPUSD,1,11000,1.42432
2016-04-12T17:00:00.496753,GBPUSD,1,11000,1.42432
2016-04-12T17:07:08.605627,EURUSD,-1,1000,1.13895
2016-04-12T17:07:15.295224,EURUSD,-1,1000,1.13897
2016-04-12T17:07:31.744927,EURUSD,-1,1000,1.13896
2016-04-12T17:42:59.845408,EURGBP,1,2000,0.79863
2016-04-12T17:43:00.146703,EURGBP,1,1000,0.79863
2016-04-12T17:43:00.445534,EURGBP,-1,1000,0.79857
2016-04-12T18:05:19.885488,EURUSD,1,1000,1.13743
2016-04-12T18:22:30.205357,GBPUSD,-1,1000,1.42584
2016-04-12T18:22:35.725110,GBPUSD,-1,1000,1.42583
2016-04-12T18:22:40.775117,GBPUSD,-1,2000,1.42583
2016-04-12T18:22:45.755358,GBPUSD,-1,2000,1.42588
2016-04-12T18:22:50.615031,GBPUSD,-1,4000,1.4259
2016-04-12T18:23:01.565735,GBPUSD,1,1000,1.426
2016-04-12T18:43:22.795425,EURUSD,1,2000,1.13758
2016-04-12T19:18:24.920022,EURUSD,-1,300000,1.13942
2016-04-12T19:19:03.654324,EURUSD,-1,1000,1.13937
2016-04-12T19:22:16.254218,EURUSD,-1,1000,1.13934
2016-04-12T19:58:16.494925,EURUSD,-1,5000,1.13962
2016-04-12T19:58:58.804707,EURUSD,-1,1000,1.13962
2016-04-12T20:16:33.184675,EURUSD,-1,1000,1.13944
2016-04-12T20:21:08.844626,EURUSD,-1,2000,1.1395
2016-04-12T22:02:52.034613,GBPUSD,1,200000,1.42695
2016-04-12T22:03:35.785370,GBPUSD,-1,200000,1.42677
2016-04-12T22:16:50.526812,EURUSD,1,200000,1.13847
2016-04-12T22:17:01.076995,EURUSD,1,500000,1.13847
2016-04-12T22:21:42.916393,EURUSD,-1,200000,1.13877
2016-04-12T22:21:44.447553,EURUSD,-1,1000000,1.13877
2016-04-12T22:21:46.336864,EURUSD,-1,500000,1.13877
2016-04-12T22:21:51.886498,EURUSD,-1,300000,1.13888
2016-04-12T22:22:53.307118,EURUSD,1,300000,1.13867
2016-04-12T22:22:58.696715,EURUSD,1,1000000,1.13856
2016-04-12T22:26:09.076748,EURUSD,-1,500000,1.13888
2016-04-12T22:26:39.166720,EURUSD,1,300000,1.13862
2016-04-12T22:26:39.167229,EURUSD,1,200000,1.13862
2016-04-12T22:27:00.076921,EURUSD,1,700000,1.13848
2016-04-12T22:27:02.046689,EURUSD,1,300000,1.13848
2016-04-12T22:27:02.047118,EURUSD,1,200000,1.13849
2016-04-12T22:34:29.747646,EURUSD,-1,700000,1.13865
2016-04-12T22:35:32.306924,EURUSD,1,700000,1.13845
2016-04-12T22:36:19.157013,EURUSD,-1,300000,1.13856
2016-04-12T22:36:19.157446,EURUSD,-1,400000,1.13856
2016-04-12T22:53:28.986762,EURUSD,-1,500000,1.13853
2016-04-12T22:58:48.717744,EURUSD,1,500000,1.1384
2016-04-12T23:05:37.598043,EURUSD,-1,400000,1.13855
2016-04-12T23:05:37.598472,EURUSD,-1,100000,1.13854
2016-04-13T00:30:15.717032,EURGBP,1,10000,0.79828
2016-04-13T01:26:42.047694,GBPUSD,1,10000,1.42783
2016-04-13T02:34:01.137546,EURGBP,1,2000,0.79707
2016-04-13T02:40:34.507802,EURUSD,1,1000,1.13703
2016-04-13T06:54:27.727692,GBPUSD,-1,11000,1.42364
2016-04-13T07:01:04.786325,EURUSD,-1,1000,1.13567
2016-04-13T07:03:04.597571,GBPUSD,-1,2000,1.42472
2016-04-13T07:05:30.608099,EURUSD,1,1000,1.1356
2016-04-13T07:08:08.037698,EURUSD,1,45000,1.13567
2016-04-13T07:10:25.187025,GBPUSD,1,2000,1.42464
2016-04-13T07:30:35.527709,EURUSD,-1,7000,1.13528
2016-04-13T07:30:37.598137,EURUSD,-1,5000,1.13522
2016-04-13T07:31:07.907749,EURUSD,1,1000,1.13496
2016-04-13T07:39:29.027650,EURUSD,1,7000,1.13519
2016-04-13T07:39:31.707433,EURUSD,1,7000,1.13519
2016-04-13T07:51:38.748067,EURUSD,-1,7000,1.13528
2016-04-13T07:51:43.457506,EURUSD,-1,7000,1.13519
2016-04-13T07:54:32.468113,EURUSD,1,7000,1.13606
2016-04-13T07:54:34.978478,EURUSD,1,7000,1.13602
2016-04-13T07:57:20.518163,EURUSD,-1,7000,1.13509
2016-04-13T07:57:23.568074,EURUSD,-1,7000,1.1351
2016-04-13T08:00:00.498997,GBPUSD,-1,11000,1.42284
2016-04-13T08:02:35.678489,EURUSD,-1,1000,1.13489
2016-04-13T08:06:50.977569,EURUSD,1,7000,1.13561
2016-04-13T08:06:54.447980,EURUSD,1,7000,1.1356
2016-04-13T08:17:44.727836,EURUSD,-1,22000,1.13494
2016-04-13T08:18:39.897733,EURUSD,-1,22000,1.13493
2016-04-13T08:20:56.837614,EURUSD,-1,7000,1.13452
2016-04-13T08:21:04.407841,EURUSD,-1,1000,1.13446
2016-04-13T08:28:08.947681,EURUSD,1,2000,1.13522
2016-04-13T08:30:10.518339,EURUSD,1,1000,1.13494
2016-04-13T08:43:01.857966,GBPUSD,1,11000,1.4248
2016-04-13T08:43:02.208110,GBPUSD,1,11000,1.42479
2016-04-13T08:43:02.507726,GBPUSD,-1,11000,1.42469
2016-04-13T08:44:32.698388,EURUSD,1,1000,1.13599
2016-04-13T08:44:33.048021,EURUSD,1,1000,1.13599
2016-04-13T09:06:11.077995,EURUSD,-1,1000,1.13492
2016-04-13T09:32:09.828423,GBPUSD,-1,2000,1.42141
2016-04-13T09:32:31.138209,EURUSD,1,22000,1.13403
2016-04-13T09:32:36.748150,EURUSD,1,22000,1.13408
2016-04-13T09:35:56.467630,EURUSD,1,1000,1.13399
2016-04-13T09:37:05.538227,GBPUSD,1,2000,1.4221
2016-04-13T09:38:41.727424,GBPUSD,-1,2000,1.42177
2016-04-13T09:41:21.747361,GBPUSD,1,2000,1.4212
2016-04-13T09:59:59.527933,GBPUSD,1,2000,1.42047
2016-04-13T09:59:59.557233,EURUSD,-1,1000,1.13373
2016-04-13T10:01:05.877619,EURUSD,-1,15000,1.13345
2016-04-13T10:11:51.627262,EURUSD,-1,45000,1.13244
2016-04-13T10:12:42.277851,EURUSD,1,15000,1.13239
2016-04-13T10:15:14.607832,EURUSD,-1,4000,1.13222
2016-04-13T10:15:17.248026,EURUSD,-1,2000,1.13222
2016-04-13T10:15:34.868467,EURUSD,1,30000,1.13232
2016-04-13T10:15:41.307538,EURUSD,1,45000,1.13226
2016-04-13T10:18:11.877362,EURUSD,-1,60000,1.13223
2016-04-13T10:18:59.547435,EURGBP,1,1000,0.7954
2016-04-13T10:18:59.877405,EURGBP,-1,1000,0.79532
2016-04-13T10:19:59.567863,EURGBP,1,4000,0.79468
2016-04-13T10:19:59.597313,GBPUSD,-1,2000,1.42397
2016-04-13T10:19:59.927337,GBPUSD,-1,1000,1.4241
2016-04-13T10:20:00.237870,GBPUSD,1,1000,1.42421
2016-04-13T10:21:35.607236,EURUSD,1,4000,1.13189
2016-04-13T10:21:40.887729,EURUSD,1,4000,1.13185
2016-04-13T10:21:45.277343,EURUSD,-1,10000,1.13177
2016-04-13T10:24:33.167462,EURUSD,-1,4000,1.13108
2016-04-13T10:24:55.128134,EURUSD,1,1000,1.13091
2016-04-13T10:24:59.457625,EURUSD,1,2000,1.13085
2016-04-13T10:24:59.767218,EURUSD,1,1000,1.13083
2016-04-13T10:25:00.077426,EURUSD,-1,1000,1.13088
2016-04-13T10:25:01.157396,EURUSD,-1,4000,1.13094
2016-04-13T10:26:28.387753,EURUSD,1,4000,1.13157
2016-04-13T10:26:31.148186,EURUSD,1,4000,1.13157
2016-04-13T10:29:12.997819,EURUSD,-1,1000,1.13206
2016-04-13T10:57:38.867267,EURUSD,-1,4000,1.13129
2016-04-13T10:59:59.837477,GBPUSD,1,11000,1.42337
2016-04-13T11:07:15.567568,EURUSD,1,1000,1.13042
2016-04-13T11:07:22.867946,EURUSD,1,20000,1.13058
2016-04-13T11:11:57.827318,EURUSD,1,10000,1.13024
2016-04-13T11:43:30.587155,EURUSD,-1,22000,1.13012
2016-04-13T12:02:59.287699,EURGBP,1,1000,0.79271
2016-04-13T12:02:59.636967,EURGBP,-1,1000,0.79266
2016-04-13T12:13:44.157039,EURUSD,1,60000,1.13072
2016-04-13T12:22:17.887533,EURUSD,1,2000,1.13049
2016-04-13T12:38:08.886570,EURUSD,1,22000,1.13
2016-04-13T12:38:13.097257,EURUSD,-1,10000,1.12999
2016-04-13T12:47:29.997167,EURUSD,-1,10000,1.12995
2016-04-13T12:52:03.257576,EURUSD,1,1000,1.13008
2016-04-13T13:03:58.947043,EURUSD,1,10000,1.13014
2016-04-13T13:20:00.386973,EURUSD,-1,10000,1.12977
2016-04-13T13:27:10.456706,EURUSD,1,10000,1.13075
2016-04-13T13:30:00.306676,EURGBP,-1,2000,0.79503
2016-04-13T13:31:29.937452,EURUSD,1,1000,1.13205
2016-04-13T13:32:01.257140,EURUSD,-1,1000,1.13253
2016-04-13T13:32:01.848006,EURUSD,-1,1000,1.13262
2016-04-13T13:32:30.417460,EURUSD,-1,1000,1.13221
2016-04-13T13:33:35.846846,EURUSD,-1,2000,1.13142
2016-04-13T13:37:11.597358,EURUSD,1,1000,1.13192
2016-04-13T13:38:15.157373,EURUSD,1,10000,1.13208
2016-04-13T13:40:40.726701,EURUSD,1,15000,1.13175
2016-04-13T13:44:51.957743,EURUSD,-1,10000,1.13102
2016-04-13T14:05:14.906828,EURUSD,1,10000,1.13164
2016-04-13T14:06:39.487702,EURUSD,-1,15000,1.13187
2016-04-13T14:07:59.377477,EURUSD,-1,1000,1.13228
2016-04-13T14:09:46.166928,EURUSD,-1,10000,1.13205
2016-04-13T14:12:29.437474,EURUSD,1,1000,1.13127
2016-04-13T14:30:31.206748,EURUSD,-1,10000,1.13127
2016-04-13T14:42:45.317097,EURUSD,1,1000,1.13012
2016-04-13T14:43:23.227373,EURUSD,1,10000,1.12996
2016-04-13T14:44:50.517124,EURUSD,1,11000,1.13001
2016-04-13T14:45:22.147831,EURUSD,1,11000,1.12997
2016-04-13T14:50:00.906953,EURUSD,-1,30000,1.12859
2016-04-13T14:50:15.317246,EURUSD,1,1000,1.12853
2016-04-13T14:54:51.647076,EURUSD,1,4000,1.12857
2016-04-13T14:55:00.597592,EURUSD,1,8000,1.12853
2016-04-13T14:55:12.147243,EURUSD,1,8000,1.12848
2016-04-13T14:56:13.947103,EURUSD,1,10000,1.12847
2016-04-13T15:00:00.379134,GBPUSD,-1,11000,1.42122
2016-04-13T15:00:00.746839,GBPUSD,-1,11000,1.42118
2016-04-13T15:00:01.037143,GBPUSD,-1,11000,1.42118
2016-04-13T15:00:28.157507,EURUSD,1,1000,1.12795
2016-04-13T15:01:18.497026,EURUSD,-1,11000,1.12738
2016-04-13T15:01:24.947218,EURUSD,-1,11000,1.12751
2016-04-13T15:05:24.231761,EURUSD,-1,1000,1.12831
2016-04-13T15:07:00.757261,EURGBP,1,2000,0.79327
2016-04-13T15:07:01.107191,EURGBP,1,1000,0.79329
2016-04-13T15:07:01.456872,EURGBP,-1,1000,0.79325
2016-04-13T15:57:52.938256,EURUSD,1,1000,1.1285
2016-04-13T15:58:35.547771,GBPUSD,-1,2000,1.42007
2016-04-13T15:58:47.068012,GBPUSD,1,2000,1.4208
2016-04-13T15:58:56.818746,EURUSD,1,1000,1.12826
2016-04-13T16:06:27.988114,EURUSD,-1,1000,1.12854
2016-04-13T16:06:36.907916,EURUSD,-1,1000,1.12874
2016-04-13T16:07:10.248105,EURUSD,-1,1000,1.12872
2016-04-13T16:10:34.905974,EURUSD,1,1000,1.12854
2016-04-13T16:35:11.518744,GBPUSD,-1,2000,1.41974
2016-04-13T16:35:23.298612,GBPUSD,1,2000,1.41974
2016-04-13T16:40:02.278647,EURUSD,1,10000,1.12764
2016-04-13T16:44:38.028902,EURUSD,1,10000,1.12759
2016-04-13T16:55:20.778451,EURUSD,-1,10000,1.12793
2016-04-13T17:09:49.478954,EURUSD,1,10000,1.12818
2016-04-13T17:51:01.288376,EURUSD,1,10000,1.12903
2016-04-13T17:51:42.188848,EURUSD,-1,10000,1.12907
2016-04-13T17:52:03.157798,GBPUSD,1,10000,1.42179
2016-04-13T17:56:43.515208,EURUSD,1,25000,1.12902
2016-04-13T18:30:51.028120,EURUSD,1,1000,1.12825
2016-04-13T18:41:18.697392,EURUSD,-1,10000,1.12755
2016-04-13T20:35:56.347876,EURUSD,-1,10000,1.12853
2016-04-13T21:40:05.147037,EURUSD,1,5000,1.12685
2016-04-13T21:40:05.156609,EURUSD,1,2000,1.12685
2016-04-13T22:05:41.413574,EURUSD,-1,5000,1.1276
2016-04-13T22:06:30.583662,EURUSD,-1,3000,1.12756
2016-04-13T22:48:24.193289,EURUSD,-1,60000,1.12752
2016-04-13T22:49:51.113744,EURUSD,1,60000,1.1278
2016-04-13T22:49:55.282977,EURUSD,-1,60000,1.12762
2016-04-13T22:49:55.523369,EURUSD,1,60000,1.1278
2016-04-14T01:03:00.993678,GBPUSD,1,2000,1.41852
2016-04-14T01:47:01.464996,GBPUSD,1,1000,1.41774
2016-04-14T01:47:01.804164,GBPUSD,-1,1000,1.41764
2016-04-14T02:00:00.635168,EURUSD,1,1000,1.12661
2016-04-14T02:00:00.944690,EURUSD,-1,1000,1.12658
2016-04-14T02:10:40.914848,EURUSD,1,10000,1.12637
2016-04-14T02:16:05.114343,EURUSD,-1,5000,1.12579
2016-04-14T02:48:03.153872,EURGBP,-1,2000,0.79565
2016-04-14T03:00:01.153871,GBPUSD,1,1000,1.41525
2016-04-14T03:00:01.493783,GBPUSD,-1,1000,1.41515
2016-04-14T04:00:36.223432,EURUSD,1,1000,1.12688
2016-04-14T04:10:23.633814,EURUSD,1,5000,1.12717
2016-04-14T04:41:00.892502,EURGBP,-1,4000,0.7966
2016-04-14T04:41:00.953483,EURGBP,-1,2000,0.7966
2016-04-14T04:41:01.282870,EURGBP,-1,1000,0.7966
2016-04-14T04:41:01.633124,EURGBP,1,1000,0.79667
2016-04-14T06:24:00.336482,GBPUSD,1,4000,1.41299
2016-04-14T06:31:46.036267,EURUSD,1,65000,1.12608
2016-04-14T07:03:03.256846,EURUSD,-1,65000,1.12615
2016-04-14T07:05:16.476178,EURUSD,1,1000,1.12644
2016-04-14T07:07:08.246179,EURUSD,-1,1000,1.1262
2016-04-14T07:08:45.198072,EURUSD,-1,1000,1.12603
2016-04-14T07:10:39.465006,EURUSD,-1,5000,1.12589
2016-04-14T07:12:23.806125,EURUSD,1,1000,1.126
2016-04-14T07:31:37.976754,GBPUSD,-1,2000,1.41204
2016-04-14T07:31:52.506191,GBPUSD,1,2000,1.41217
2016-04-14T07:32:00.896001,GBPUSD,1,1000,1.41185
2016-04-14T07:32:01.226872,GBPUSD,-1,1000,1.41177
2016-04-14T07:32:08.926557,EURUSD,-1,60000,1.12517
2016-04-14T07:38:11.167039,EURUSD,1,25000,1.12542
2016-04-14T07:38:18.646056,EURUSD,1,5000,1.12552
2016-04-14T07:38:39.125977,EURUSD,1,25000,1.12556
2016-04-14T07:44:04.916294,EURUSD,-1,10000,1.12554
2016-04-14T08:04:03.166702,EURUSD,-1,1000,1.12524
2016-04-14T08:04:32.576326,EURUSD,-1,1000,1.12507
2016-04-14T08:05:24.496405,EURUSD,-1,60000,1.12494
2016-04-14T08:05:24.686870,EURUSD,-1,20000,1.12493
2016-04-14T08:05:24.876722,EURUSD,-1,10000,1.12493
2016-04-14T08:05:25.087063,EURUSD,-1,25000,1.12492
2016-04-14T08:05:25.287466,EURUSD,1,1000,1.12496
2016-04-14T08:05:25.496586,EURUSD,1,35000,1.12495
2016-04-14T08:05:25.686277,EURUSD,1,50000,1.12495
2016-04-14T08:11:32.616405,EURUSD,1,10000,1.12398
2016-04-14T08:19:52.381545,EURUSD,1,1000,1.12399
2016-04-14T08:35:08.776550,EURUSD,1,25000,1.12461
2016-04-14T08:40:50.816670,EURUSD,1,11000,1.12484
2016-04-14T08:41:44.927101,EURUSD,1,11000,1.12444
2016-04-14T08:42:57.096743,EURUSD,-1,11000,1.12484
2016-04-14T08:43:24.296555,EURUSD,-1,11000,1.12494
2016-04-14T08:50:36.377008,EURUSD,-1,25000,1.12565
2016-04-14T08:50:59.536980,EURUSD,1,10000,1.12571
2016-04-14T08:52:11.816418,EURUSD,1,3000,1.12577
2016-04-14T08:52:11.817470,EURUSD,1,5000,1.12579
2016-04-14T09:01:37.756686,EURUSD,-1,30000,1.12473
2016-04-14T09:09:01.911091,EURUSD,1,1000,1.12532
2016-04-14T09:21:38.566557,GBPUSD,1,11000,1.41302
2016-04-14T09:24:49.506744,GBPUSD,-1,11000,1.41316
2016-04-14T09:39:00.506447,GBPUSD,1,2000,1.4141
2016-04-14T09:43:28.966287,GBPUSD,-1,2000,1.41453
2016-04-14T09:44:19.006913,EURUSD,1,5000,1.12644
2016-04-14T09:44:56.837075,GBPUSD,1,5000,1.41457
2016-04-14T09:58:29.816108,EURUSD,1,22000,1.12651
2016-04-14T09:59:33.616270,EURUSD,-1,22000,1.12693
2016-04-14T10:12:02.986439,GBPUSD,-1,5000,1.41589
2016-04-14T10:18:08.276449,EURUSD,-1,1000,1.12716
2016-04-14T10:25:00.816431,GBPUSD,-1,4000,1.41765
2016-04-14T10:25:01.256261,GBPUSD,-1,2000,1.41765
2016-04-14T10:25:01.736082,GBPUSD,-1,1000,1.41765
2016-04-14T10:25:02.176527,GBPUSD,1,1000,1.41763
2016-04-14T10:25:02.616633,GBPUSD,-1,2000,1.41757
2016-04-14T10:32:13.476495,EURUSD,-1,5000,1.12648
2016-04-14T10:53:15.836093,EURUSD,1,11000,1.12539
2016-04-14T10:56:39.056263,EURUSD,1,11000,1.12528
2016-04-14T11:05:56.236274,EURUSD,1,1000,1.12577
2016-04-14T11:08:00.145685,GBPUSD,1,2000,1.41374
2016-04-14T11:08:00.506040,GBPUSD,1,1000,1.41379
2016-04-14T11:08:00.826461,GBPUSD,-1,1000,1.41381
2016-04-14T11:14:22.585979,EURUSD,-1,11000,1.12621
2016-04-14T11:14:26.185653,EURUSD,-1,11000,1.12617
2016-04-14T11:51:31.245170,EURUSD,-1,10000,1.12585
2016-04-14T12:00:08.426812,EURUSD,1,10000,1.12599
2016-04-14T12:01:02.825253,EURUSD,1,5000,1.12638
2016-04-14T12:01:05.505490,EURUSD,-1,5000,1.12632
2016-04-14T12:01:05.945907,EURUSD,1,5000,1.12635
2016-04-14T12:01:18.145577,EURUSD,-1,5000,1.12652
2016-04-14T12:01:18.765902,EURUSD,1,5000,1.12646
2016-04-14T12:01:19.994944,EURUSD,-1,5000,1.12644
2016-04-14T12:01:23.595950,EURUSD,1,5000,1.12627
2016-04-14T12:01:30.785914,EURUSD,1,5000,1.12614
2016-04-14T12:01:54.095792,EURUSD,1,5000,1.12638
2016-04-14T12:01:57.805456,EURUSD,1,5000,1.12627
2016-04-14T12:05:11.485286,EURUSD,1,33000,1.12634
2016-04-14T12:24:40.575507,EURUSD,-1,25000,1.12677
2016-04-14T12:24:46.534671,EURUSD,1,10000,1.12675
2016-04-14T12:24:47.344567,EURUSD,-1,10000,1.12671
2016-04-14T12:24:47.975133,EURUSD,1,10000,1.12675
2016-04-14T12:25:00.514877,EURUSD,-1,1000,1.12667
2016-04-14T12:25:09.455733,EURUSD,1,25000,1.12674
2016-04-14T12:25:15.854925,EURUSD,-1,10000,1.12659
2016-04-14T12:25:16.355435,EURUSD,-1,2000,1.12659
2016-04-14T12:25:50.604684,EURUSD,1,2000,1.12666
2016-04-14T12:25:58.185388,EURUSD,1,5000,1.12659
2016-04-14T12:54:08.314956,EURUSD,-1,5000,1.12565
2016-04-14T12:54:08.475234,EURUSD,-1,10000,1.12565
2016-04-14T12:54:33.145381,EURUSD,1,5000,1.12569
2016-04-14T12:54:38.975037,EURUSD,1,5000,1.12562
2016-04-14T13:19:18.874791,EURUSD,1,5000,1.12531
2016-04-14T13:19:30.974672,EURUSD,-1,5000,1.12529
2016-04-14T13:19:48.727815,EURUSD,1,5000,1.12527
2016-04-14T13:19:54.504845,EURUSD,1,5000,1.12521
2016-04-14T13:30:00.424874,GBPUSD,1,2000,1.41185
2016-04-14T13:30:31.184631,EURUSD,-1,33000,1.12738
2016-04-14T13:31:00.475359,GBPUSD,-1,2000,1.41575
2016-04-14T13:31:00.955542,GBPUSD,-1,1000,1.41571
2016-04-14T13:31:01.284877,GBPUSD,1,1000,1.41585
2016-04-14T13:31:32.925146,EURUSD,-1,1000,1.12729
2016-04-14T13:37:11.256393,EURUSD,1,33000,1.12666
2016-04-14T13:38:37.555293,EURUSD,-1,33000,1.12691
2016-04-14T13:39:08.730888,EURUSD,1,1000,1.12719
2016-04-14T13:42:35.862545,EURUSD,-1,1000,1.12809
2016-04-14T13:42:35.964763,EURUSD,-1,1000,1.12791
2016-04-14T13:44:12.415204,EURUSD,-1,1000,1.12885
2016-04-14T13:50:03.304994,EURUSD,-1,18000,1.12902
2016-04-14T13:50:09.105163,EURUSD,-1,5000,1.12889
2016-04-14T13:50:14.465738,EURUSD,-1,5000,1.12909
2016-04-14T13:52:07.695200,EURUSD,-1,20000,1.12887
2016-04-14T13:52:59.654496,EURUSD,1,7000,1.12836
2016-04-14T13:53:09.304913,EURUSD,-1,14000,1.12835
2016-04-14T13:53:09.944541,EURUSD,1,14000,1.12838
2016-04-14T13:53:10.715242,EURUSD,-1,14000,1.12843
2016-04-14T13:53:11.314944,EURUSD,1,14000,1.12844
2016-04-14T13:53:43.735341,EURUSD,1,30000,1.12834
2016-04-14T13:53:48.605221,EURUSD,1,18000,1.12835
2016-04-14T13:53:56.804563,EURUSD,1,14000,1.1283
2016-04-14T13:54:11.484711,EURUSD,1,9000,1.12839
2016-04-14T14:03:54.675581,EURUSD,1,1000,1.12792
2016-04-14T14:05:36.875243,EURUSD,-1,5000,1.1272
2016-04-14T14:05:50.884600,EURUSD,1,1000,1.12718
2016-04-14T14:07:47.854652,EURUSD,1,20000,1.12798
2016-04-14T14:07:48.134640,EURUSD,-1,14000,1.12797
2016-04-14T14:09:29.415172,EURUSD,-1,14000,1.12739
2016-04-14T14:12:39.494880,EURUSD,-1,12000,1.12693
2016-04-14T14:21:29.006035,EURUSD,-1,1000,1.12779
2016-04-14T14:29:17.105496,EURUSD,-1,30000,1.12671
2016-04-14T14:33:42.685079,EURUSD,1,5000,1.12727
2016-04-14T14:33:47.205292,EURUSD,-1,5000,1.12724
2016-04-14T14:34:46.905041,EURUSD,1,5000,1.12758
2016-04-14T14:34:57.825389,EURUSD,-1,5000,1.12744
2016-04-14T14:35:10.475435,EURUSD,1,5000,1.12743
2016-04-14T14:37:15.285189,EURUSD,-1,10000,1.1278
2016-04-14T14:37:18.924533,EURUSD,-1,5000,1.12774
2016-04-14T14:37:26.164809,EURUSD,-1,5000,1.12767
2016-04-14T14:49:55.154966,EURUSD,1,20000,1.12758
2016-04-14T14:49:58.875617,EURUSD,1,10000,1.12753
2016-04-14T15:00:00.564854,GBPUSD,-1,11000,1.41408
2016-04-14T15:03:01.574527,EURGBP,-1,4000,0.79806
2016-04-14T15:08:14.114628,EURUSD,-1,20000,1.128
2016-04-14T15:08:21.164947,EURUSD,-1,20000,1.12801
2016-04-14T15:11:32.544934,EURUSD,1,30000,1.12703
2016-04-14T15:11:37.295087,EURUSD,1,20000,1.12699
2016-04-14T15:11:39.975396,EURUSD,1,1000,1.12699
2016-04-14T15:11:42.045238,EURUSD,1,5000,1.12699
2016-04-14T15:13:51.894450,EURUSD,1,5000,1.12687
2016-04-14T15:15:36.495259,EURUSD,-1,30000,1.12681
2016-04-14T15:21:02.294429,EURUSD,1,30000,1.12671
2016-04-14T15:31:33.343976,EURUSD,-1,30000,1.12573
2016-04-14T15:35:18.134917,EURUSD,1,1000,1.12577
2016-04-14T15:35:27.614967,EURUSD,1,1000,1.12574
2016-04-14T15:42:30.145109,EURUSD,-1,5000,1.12556
2016-04-14T15:42:37.254418,EURUSD,-1,1000,1.12598
2016-04-14T15:42:37.344498,EURUSD,-1,1000,1.12599
2016-04-14T15:43:34.434645,EURUSD,1,10000,1.12604
2016-04-14T15:43:54.034104,EURUSD,-1,10000,1.126
2016-04-14T15:44:25.024281,EURUSD,-1,10000,1.1261
2016-04-14T15:47:04.600709,EURGBP,1,4000,0.79619
2016-04-14T15:47:04.601741,EURGBP,1,2000,0.79619
2016-04-14T15:47:04.602412,EURGBP,1,1000,0.7962
2016-04-14T15:47:04.603106,EURGBP,-1,1000,0.79617
2016-04-14T16:21:11.723924,EURUSD,1,1000,1.12581
2016-04-14T16:23:33.183605,EURUSD,1,1000,1.12566
2016-04-14T16:24:10.143396,EURUSD,-1,7000,1.12532
2016-04-14T16:24:10.283659,EURUSD,-1,2000,1.12532
2016-04-14T17:00:40.104510,EURUSD,1,2000,1.12609
2016-04-14T17:01:02.690975,EURUSD,1,5000,1.12614
2016-04-14T19:15:00.573914,EURUSD,-1,1000,1.12754
2016-04-14T19:42:35.523537,EURUSD,1,1000,1.12633
2016-04-14T22:12:33.008973,EURUSD,1,500000,1.12643
2016-04-14T22:13:19.746899,EURUSD,-1,200000,1.12656
2016-04-14T22:13:19.747382,EURUSD,-1,300000,1.12655
2016-04-14T22:13:27.546444,EURUSD,-1,500000,1.12672
2016-04-14T22:16:14.287128,EURUSD,1,500000,1.12653
2016-04-14T22:16:42.416790,EURUSD,1,500000,1.12642
2016-04-14T22:17:22.636599,EURUSD,-1,300000,1.12659
2016-04-14T22:17:22.637554,EURUSD,-1,200000,1.12658
2016-04-14T22:17:37.766652,EURUSD,-1,500000,1.12668
2016-04-14T22:20:50.897231,EURUSD,1,300000,1.12644
2016-04-14T22:20:50.897666,EURUSD,1,700000,1.12644
2016-04-14T22:20:53.556574,EURUSD,1,500000,1.1264
2016-04-14T22:21:10.457159,EURUSD,1,700000,1.12642
2016-04-14T22:22:22.243045,EURUSD,-1,500000,1.12658
2016-04-14T22:22:22.243528,EURUSD,-1,500000,1.12657
2016-04-14T22:22:24.896419,EURUSD,-1,700000,1.12657
2016-04-14T22:22:40.767079,EURUSD,-1,500000,1.12662
2016-04-14T22:22:52.056689,EURUSD,-1,700000,1.12665
2016-04-14T22:24:52.576972,EURUSD,1,300000,1.12642
2016-04-14T22:24:52.577397,EURUSD,1,400000,1.12642
2016-04-14T22:25:00.546895,EURUSD,1,200000,1.12642
2016-04-14T22:25:00.547398,EURUSD,1,800000,1.12649
2016-04-14T22:25:03.436886,EURUSD,1,300000,1.12646
2016-04-14T22:25:03.437414,EURUSD,1,200000,1.12646
2016-04-14T23:27:51.948966,GBPUSD,1,11000,1.41448
2016-04-14T23:56:02.988772,EURUSD,-1,1000000,1.12656
2016-04-15T01:19:12.050280,EURUSD,-1,2000,1.12541
2016-04-15T01:30:28.030023,EURUSD,-1,1000,1.12522
2016-04-15T07:01:25.077880,GBPUSD,-1,2000,1.41481
2016-04-15T07:01:45.184122,EURUSD,1,1000,1.12603
2016-04-15T07:05:33.278263,EURUSD,1,60000,1.126
2016-04-15T07:10:07.288660,EURUSD,-1,60000,1.12631
2016-04-15T07:10:58.127940,EURUSD,1,12000,1.1263
2016-04-15T07:12:05.518052,GBPUSD,1,2000,1.41475
2016-04-15T07:15:55.037955,EURUSD,-1,1000,1.12619
2016-04-15T07:31:07.688446,GBPUSD,-1,11000,1.41688
2016-04-15T07:59:05.958741,EURUSD,1,10000,1.12603
2016-04-15T07:59:11.759045,GBPUSD,1,10000,1.41648
2016-04-15T08:00:43.010112,GBPUSD,1,10000,1.41602
2016-04-15T08:02:50.478529,EURUSD,-1,1000,1.12562
2016-04-15T08:04:31.848072,EURUSD,-1,3000,1.12479
2016-04-15T08:04:31.988829,EURUSD,-1,5000,1.12479
2016-04-15T08:14:04.328201,EURUSD,1,25000,1.12519
2016-04-15T08:32:36.128053,EURUSD,1,25000,1.1253
2016-04-15T08:35:00.927549,EURUSD,-1,25000,1.12578
2016-04-15T08:35:36.077551,EURUSD,-1,25000,1.12583
2016-04-15T09:01:58.047496,EURUSD,-1,10000,1.12572
2016-04-15T09:12:30.416907,EURUSD,1,25000,1.12595
2016-04-15T09:14:54.426889,EURUSD,-1,25000,1.12618
2016-04-15T09:14:59.537060,EURUSD,-1,10000,1.12614
2016-04-15T09:27:09.317050,EURUSD,1,1000,1.12671
2016-04-15T09:27:09.606823,EURUSD,1,1000,1.12671
2016-04-15T10:00:43.367537,GBPUSD,1,2000,1.41679
2016-04-15T10:01:28.337545,GBPUSD,-1,2000,1.41892
2016-04-15T10:01:34.107015,GBPUSD,-1,10000,1.41845
2016-04-15T10:01:38.456963,GBPUSD,-1,10000,1.4186
2016-04-15T10:07:58.032924,EURUSD,-1,1000,1.12633
2016-04-15T10:12:04.945162,EURGBP,1,2000,0.79415
2016-04-15T10:21:35.396924,EURUSD,1,1000,1.12604
2016-04-15T11:04:27.916934,EURUSD,-1,1000,1.12664
2016-04-15T11:10:33.267286,EURUSD,1,10000,1.12745
2016-04-15T11:11:49.086615,EURUSD,1,3000,1.12708
2016-04-15T11:11:53.997074,EURUSD,1,2000,1.12706
2016-04-15T11:13:59.387098,GBPUSD,-1,2000,1.41957
2016-04-15T11:41:22.647083,EURUSD,-1,1000,1.12749
2016-04-15T12:00:00.546853,GBPUSD,-1,1000,1.41861
2016-04-15T12:00:00.806490,GBPUSD,-1,2000,1.41861
2016-04-15T12:07:47.697520,EURUSD,-1,1000,1.12857
2016-04-15T12:12:59.466522,EURGBP,-1,2000,0.79587
2016-04-15T12:12:59.717917,EURGBP,-1,1000,0.79586
2016-04-15T12:12:59.976791,EURGBP,1,1000,0.79589
2016-04-15T12:22:53.587175,EURUSD,-1,1000,1.12874
2016-04-15T12:35:18.607469,EURUSD,-1,11000,1.12834
2016-04-15T13:07:48.658010,EURUSD,-1,6000,1.12868
2016-04-15T13:15:59.867929,EURUSD,-1,1000,1.1295
2016-04-15T13:34:56.587196,EURUSD,-1,1000,1.12814
2016-04-15T13:46:45.076738,EURUSD,1,1000,1.12802
2016-04-15T13:49:54.517071,EURUSD,1,11000,1.12748
2016-04-15T13:50:00.806680,EURUSD,1,6000,1.12749
2016-04-15T14:02:00.267444,GBPUSD,1,2000,1.41566
2016-04-15T14:02:00.527497,GBPUSD,1,1000,1.41569
2016-04-15T14:02:00.787161,GBPUSD,-1,1000,1.41563
2016-04-15T14:33:48.026610,EURUSD,-1,13000,1.12836
2016-04-15T14:34:09.037271,EURUSD,-1,8000,1.12849
2016-04-15T15:00:47.326578,EURUSD,1,10000,1.13006
2016-04-15T15:01:37.426382,EURUSD,-1,1000,1.13025
2016-04-15T15:20:24.478495,EURUSD,-1,1000,1.13153
2016-04-15T15:21:35.448123,EURUSD,1,1000,1.13141
2016-04-15T15:38:50.358763,EURUSD,1,1000,1.1305
2016-04-15T16:27:04.498446,EURUSD,1,13000,1.12882
2016-04-15T16:27:11.489019,EURUSD,1,8000,1.12888
2016-04-15T16:37:31.828374,EURUSD,-1,20000,1.12906
2016-04-15T16:37:38.358391,EURUSD,1,10000,1.12908
2016-04-15T16:37:41.648615,EURUSD,-1,10000,1.12913
2016-04-15T16:37:42.889138,EURUSD,1,10000,1.12917
2016-04-15T16:39:52.749375,EURUSD,1,15000,1.12896
2016-04-15T16:41:33.078531,EURUSD,1,5000,1.1289
2016-04-15T16:42:37.978612,GBPUSD,1,11000,1.42067
2016-04-15T16:42:59.919037,GBPUSD,-1,2000,1.42121
2016-04-15T16:44:00.079213,GBPUSD,-1,1000,1.42149
2016-04-15T16:44:00.338477,GBPUSD,1,1000,1.42158
2016-04-15T17:34:54.128964,EURUSD,-1,1000,1.13072
2016-04-15T17:48:44.109347,EURUSD,1,1000,1.13038
2016-04-15T18:00:00.168868,GBPUSD,1,1000,1.42283
2016-04-15T18:00:00.429656,GBPUSD,-1,4000,1.42281
2016-04-15T18:50:27.558760,EURUSD,1,1000,1.12909
2016-04-15T19:02:30.829167,EURUSD,1,1000,1.12844
2016-04-15T19:03:50.049587,EURUSD,-1,5000,1.12828
2016-04-15T19:05:04.249661,EURUSD,1,3000,1.1285
2016-04-15T20:27:07.629627,GBPUSD,-1,5000,1.42039
2016-04-15T20:32:44.839877,GBPUSD,1,5000,1.42021
2016-04-15T20:36:52.849654,EURUSD,1,1000,1.12877
2016-04-15T20:51:35.129888,EURUSD,1,40000,1.12858
2016-04-15T21:00:00.319279,GBPUSD,1,4000,1.41978
2016-04-15T21:00:00.609321,GBPUSD,1,2000,1.41978
2016-04-15T21:00:00.889795,GBPUSD,1,1000,1.41977
2016-04-15T21:00:03.119120,GBPUSD,1,11000,1.4197
